Ship Mode,Sales,Avg_Ship_Days,Orders
Standard Class,1340831.307,5.008363201911589,2945
Second Class,449914.1794,3.2492113564668768,944
First Class,345572.2573,2.179213857428381,772
Same Day,125219.039,0.04460966542750929,261
